{"origStddev": 0.1801639083218247, "origMean": 0.535642367950544, "predStddev": 0.043833249803254634, "predMean": 0.5310744026400491}