{"origStddev": 3.691694597208023, "origMean": 4.709783547661788, "predStddev": 0.3245556599082036, "predMean": 4.736867877490124}