{"origStddev": 0.07735245101820602, "origMean": 0.8080440108126374, "predStddev": 0.006603064486510652, "predMean": 0.8085470436044462}