{"origStddev": 0.5641081216461193, "origMean": 0.04246760498466665, "predStddev": 0.12379219258476692, "predMean": 0.04246755473153523}