{"origStddevs": {"age": 1.0169710833621914, "loss_rank": 0.8153492973283286, "none": 1.023112739996102, "random": 0.8958356241521069}, "origMeans": {"age": 0.30943222306915075, "loss_rank": 0.16437257369755198, "none": 0.31634995479765304, "random": 0.20984524843564425}, "predStddevs": {"age": 0.011422987080232332, "loss_rank": 0.01738393407162186, "none": 0.015779382903844556, "random": 0.007682919343794938}, "predMeans": {"age": 0.27106052994162017, "loss_rank": 0.21985560902998877, "none": 0.2736715532061568, "random": 0.2354123078222343}}