{"origStddev": 0.40833300088997165, "origMean": 1.5122888341339762, "predStddev": 0.19062742851389658, "predMean": 1.512289493861218}