{"origStddev": 10.2721906051763, "origMean": 15.681163916118624, "predStddev": 1.896402761373421, "predMean": 15.681152536464452}