{"origStddev": 1.0498869166676732, "origMean": 2.694885551751099, "predStddev": 0.17790475888854926, "predMean": 2.740541794835421}