{"origStddevs": {"random": 0.6710207329386981, "top": 0.6710207329386981}, "origMeans": {"random": 0.27666052151099924, "top": 0.7233394784890007}, "predStddevs": {"random": 0.004052769639310346, "top": 0.004052769639310366}, "predMeans": {"random": 0.4888355959206883, "top": 0.5111644040793116}}