{"origStddev": 1.0287598782669287, "origMean": 2.5207235334555453, "predStddev": 0.12267867585236811, "predMean": 2.522910592328283}