{"origStddevs": {"correlation": 0.9854599900728228, "fixed": 0.9854599900728228}, "origMeans": {"correlation": 0.4150461772995586, "fixed": 0.5849538227004414}, "predStddevs": {"correlation": 0.013611494491602764, "fixed": 0.013611494491602762}, "predMeans": {"correlation": 0.465920460856203, "fixed": 0.5340795391437969}}