{"origStddev": 0.48376227975872604, "origMean": 1.0809729221833093, "predStddev": 0.08944618720745286, "predMean": 1.0823238370241313}