{"origStddev": 0.6788704432925833, "origMean": 1.9577070001595378, "predStddev": 0.07578445125269115, "predMean": 1.9577070166261366}