{"all_correlation_best_percentile25_ratio": {"scales": [0.16038456053199576], "means": [1.456195954458782], "variances": [0.025723207257041414]}, "all_correlation_best_percentile50_ratio": {"scales": [0.3606873383477958], "means": [2.219810404891774], "variances": [0.13009535604441733]}, "all_correlation_best_percentile75_ratio": {"scales": [0.9972836648830518], "means": [4.230555446187631], "variances": [0.9945747082425711]}, "all_correlation_kurtosis": {"scales": [0.27072420012857173], "means": [-0.899998076603646], "variances": [0.07329159253525497]}, "all_correlation_percentile5_percentile25_ratio": {"scales": [0.11323324047856805], "means": [1.327675584537161], "variances": [0.01282176674927722]}, "all_correlation_skew": {"scales": [0.2299342886746713], "means": [0.24294992926805067], "variances": [0.052869777108327076]}, "all_correlation_stddev_best_ratio": {"scales": [0.018045554036120164], "means": [0.28829748073469874], "variances": [0.0003256420204705328]}, "all_correlation_stddev_median_ratio": {"scales": [0.10805313934012126], "means": [0.6404459437925102], "variances": [0.01167548092125566]}, "all_loss_best_percentile25_ratio": {"scales": [0.045416363454625845], "means": [0.8419317515264435], "variances": [0.002062646069442674]}, "all_loss_best_percentile50_ratio": {"scales": [0.07209375749522764], "means": [0.7163671285168255], "variances": [0.005197509869780692]}, "all_loss_best_percentile75_ratio": {"scales": [0.10407170926103988], "means": [0.5284953339290357], "variances": [0.010830920668514413]}, "all_loss_kurtosis": {"scales": [4.021467570468929], "means": [7.422399458501732], "variances": [16.172201420333273]}, "all_loss_percentile5_percentile25_ratio": {"scales": [0.03181820723558104], "means": [0.8964821330560754], "variances": [0.0010123983116863819]}, "all_loss_skew": {"scales": [0.6452502778761038], "means": [2.8157823430708175], "variances": [0.4163479210991891]}, "all_loss_stddev_best_ratio": {"scales": [0.9357224209857341], "means": [1.9258802981706955], "variances": [0.8755764491354034]}, "all_loss_stddev_median_ratio": {"scales": [0.5574982850078507], "means": [1.3499947006597943], "variances": [0.31080433778669475]}, "log10_cardinality": {"scales": [2.0645024018822826], "means": [11.810894379204923], "variances": [4.262170167377714]}, "recent_10_correlation_best_percentile25_ratio": {"scales": [0.4738032915568156], "means": [2.0045939661649523], "variances": [0.22448955909007284]}, "recent_10_correlation_best_percentile50_ratio": {"scales": [1.5400713250651092], "means": [3.8371288323462505], "variances": [2.371819686287801]}, "recent_10_correlation_best_percentile75_ratio": {"scales": [2.9665987645663665], "means": [6.685482860376086], "variances": [8.800708229926693]}, "recent_10_correlation_kurtosis": {"scales": [0.6061072148492362], "means": [-0.4307200943092082], "variances": [0.3673659558922982]}, "recent_10_correlation_percentile5_percentile25_ratio": {"scales": [0.3436824978220852], "means": [1.7381334336213878], "variances": [0.11811765930922762]}, "recent_10_correlation_skew": {"scales": [0.33300148551178343], "means": [0.8602048409872681], "variances": [0.1108899893530545]}, "recent_10_correlation_stddev_best_ratio": {"scales": [0.02153545881776462], "means": [0.32671406573530865], "variances": [0.00046377598649163587]}, "recent_10_correlation_stddev_median_ratio": {"scales": [0.5270349562198672], "means": [1.2801600917709988], "variances": [0.2777658450776773]}, "recent_10_loss_best_percentile25_ratio": {"scales": [0.029429917430103317], "means": [0.9339465475112988], "variances": [0.000866120039942699]}, "recent_10_loss_best_percentile50_ratio": {"scales": [0.05100502200823097], "means": [0.870354674976161], "variances": [0.0026015122700601256]}, "recent_10_loss_best_percentile75_ratio": {"scales": [0.09355196796909773], "means": [0.7708246550083175], "variances": [0.008751970710891089]}, "recent_10_loss_kurtosis": {"scales": [1.8834231065768354], "means": [1.3202957485315912], "variances": [3.547282598387538]}, "recent_10_loss_percentile5_percentile25_ratio": {"scales": [0.022671230584603783], "means": [0.9488713827703725], "variances": [0.0005139846962202739]}, "recent_10_loss_skew": {"scales": [0.6565209754055988], "means": [1.4616412927363174], "variances": [0.43101979114751887]}, "recent_10_loss_stddev_best_ratio": {"scales": [0.7866787174163206], "means": [0.8636356956537466], "variances": [0.6188634044357871]}, "recent_10_loss_stddev_median_ratio": {"scales": [0.6258872170260898], "means": [0.6962434648361304], "variances": [0.3917348084366637]}, "recent_15%_correlation_best_percentile25_ratio": {"scales": [0.4465480946669543], "means": [1.9381398858921328], "variances": [0.19940520085068714]}, "recent_15%_correlation_best_percentile50_ratio": {"scales": [1.4125431623965377], "means": [3.770371284551781], "variances": [1.9952781856332116]}, "recent_15%_correlation_best_percentile75_ratio": {"scales": [2.9738229368831455], "means": [6.856161404326642], "variances": [8.843622859932298]}, "recent_15%_correlation_kurtosis": {"scales": [0.5760063667471138], "means": [-0.5176232728977542], "variances": [0.33178333453321057]}, "recent_15%_correlation_percentile5_percentile25_ratio": {"scales": [0.32158580177773277], "means": [1.6874629845644586], "variances": [0.10341742790502724]}, "recent_15%_correlation_skew": {"scales": [0.3271336534606477], "means": [0.8062784202796887], "variances": [0.10701642722651114]}, "recent_15%_correlation_stddev_best_ratio": {"scales": [0.022843935461112956], "means": [0.32920920493346284], "variances": [0.0005218453873514939]}, "recent_15%_correlation_stddev_median_ratio": {"scales": [0.4802849040250488], "means": [1.2504690065663135], "variances": [0.23067358903435034]}, "recent_15%_loss_best_percentile25_ratio": {"scales": [0.02751319003504129], "means": [0.9320372087875272], "variances": [0.0007569756259042953]}, "recent_15%_loss_best_percentile50_ratio": {"scales": [0.04636230520314481], "means": [0.8703625755259309], "variances": [0.0021494633437495487]}, "recent_15%_loss_best_percentile75_ratio": {"scales": [0.0859234974877634], "means": [0.7719641177302543], "variances": [0.0073828474205296845]}, "recent_15%_loss_kurtosis": {"scales": [2.5931508508106087], "means": [2.1658692643404502], "variances": [6.724431335059784]}, "recent_15%_loss_percentile5_percentile25_ratio": {"scales": [0.020562538918116696], "means": [0.9498792475124589], "variances": [0.0004228180067590637]}, "recent_15%_loss_skew": {"scales": [0.7522298217865837], "means": [1.7158214115512724], "variances": [0.5658497047850755]}, "recent_15%_loss_stddev_best_ratio": {"scales": [0.8505849786013118], "means": [1.0555625630148562], "variances": [0.723494805822194]}, "recent_15%_loss_stddev_median_ratio": {"scales": [0.6966983608923659], "means": [0.8736510448628352], "variances": [0.4853886060701094]}, "recent_25_correlation_best_percentile25_ratio": {"scales": [0.36676184246376914], "means": [1.7984003792519627], "variances": [0.1345142490874186]}, "recent_25_correlation_best_percentile50_ratio": {"scales": [1.0536005288050014], "means": [3.2189058245694855], "variances": [1.1100740742981785]}, "recent_25_correlation_best_percentile75_ratio": {"scales": [2.1671255133381195], "means": [5.737831444106486], "variances": [4.696432990561007]}, "recent_25_correlation_kurtosis": {"scales": [0.4967850974973633], "means": [-0.6075034649566534], "variances": [0.24679543309546478]}, "recent_25_correlation_percentile5_percentile25_ratio": {"scales": [0.26373575013691974], "means": [1.5851594578268167], "variances": [0.06955654590028376]}, "recent_25_correlation_skew": {"scales": [0.3182686344134371], "means": [0.6735434824058056], "variances": [0.1012949236513941]}, "recent_25_correlation_stddev_best_ratio": {"scales": [0.023021016610986732], "means": [0.3176636000639736], "variances": [0.0005299672058033271]}, "recent_25_correlation_stddev_median_ratio": {"scales": [0.36241019721211626],